F,Location Description,D,Location Name,Street Start,Street End,Enforcement Hours,Enforcement Days,Position,Route,Notes,LOCATION ID,Video Timestamp,Ryan QC
,EB Wilshire Blvd @ Centinela Ave,EB,Wilshire Blvd,Centinela Ave,McClellan Dr,"7AM - 9AM, 4PM - 7PM","Mon, Tue, Wed, Thu, Fri",Curb,720,,"EB|Wilshire Blvd @ Centinela Ave|0,24||BD",720 Final Bus Lane 4:55:16,
,EB Wilshire Blvd @ McClellan Dr,EB,Wilshire Blvd,McClellan Dr,Wellesley Ave,"7AM - 9AM, 4PM - 7PM","Mon, Tue, Wed, Thu, Fri",Curb,720,,"EB|Wilshire Blvd @ Mcclellan Dr|0,24||BD",720 Final Bus Lane 4:55:30,
,EB Wilshire Blvd @ Wellesley Ave,EB,Wilshire Blvd,Wellesley Ave,Amherst Ave,"7AM - 9AM, 4PM - 7PM","Mon, Tue, Wed, Thu, Fri",Curb,720,,"EB|Wilshire Blvd @ Wellesley Ave|0,24||BD",720 Final Bus Lane 4:55:36,
,EB Wilshire Blvd @ Amherst Ave,EB,Wilshire Blvd,Amherst Ave,S Bundy Dr,"7AM - 9AM, 4PM - 7PM","Mon, Tue, Wed, Thu, Fri",Curb,720,,"EB|Wilshire Blvd @ Amherst Ave|0,24||BD",720 Final Bus Lane 4:55:46,
,EB Wilshire Blvd @ S Bundy Dr,EB,Wilshire Blvd,S Bundy Dr,Saltair Dr,"7AM - 9AM, 4PM - 7PM","Mon, Tue, Wed, Thu, Fri",Curb,720,,"EB|Wilshire Blvd @ S Bundy Dr|7,9,16,19|12345|BD",EB_720_1.MP4 0:30,x
,EB Wilshire Blvd @ S Saltair Dr,EB,Wilshire Blvd,S Saltair Dr,Brockton Ave,"7AM - 9AM, 4PM - 7PM","Mon, Tue, Wed, Thu, Fri",Curb,720,,"EB|Wilshire Blvd @ Saltair Dr|7,9,16,19|12345|BD",EB_720_1.MP4 0:50,x
,EB Wilshire Blvd @ Brockton Ave,EB,Wilshire Blvd,Brockton Ave,Armacost Ave,"7AM - 9AM, 4PM - 7PM","Mon, Tue, Wed, Thu, Fri",Curb,720,,"EB|Wilshire Blvd @ Brockton Ave|7,9,16,19|12345|BD",EB_720_1.MP4 1:02,x
,EB Wilshire Blvd @ Armacost Ave,EB,Wilshire Blvd,Armacost Ave,Westgate Ave,"7AM - 9AM, 4PM - 7PM","Mon, Tue, Wed, Thu, Fri",Curb,720,,"EB|Wilshire Blvd @ Armacost Ave|7,9,16,19|12345|BD",EB_720_1.MP4 1:12,x
,EB Wilshire Blvd @ Westgate Ave,EB,Wilshire Blvd,Westgate Ave,Granville Ave,"7AM - 9AM, 4PM - 7PM","Mon, Tue, Wed, Thu, Fri",Curb,720,,"EB|Wilshire Blvd @ Westgate Ave|7,9,16,19|12345|BD",EB_720_1.MP4 1:21,x
,EB Wilshire Blvd @ Granville Ave,EB,Wilshire Blvd,Granville Ave,Stoner Ave,"7AM - 9AM, 4PM - 7PM","Mon, Tue, Wed, Thu, Fri",Curb,720,,"EB|Wilshire Blvd @ Granville Ave|7,9,16,19|12345|BD",EB_720_1.MP4 1:32,x
,EB Wilshire Blvd @ Stoner Ave,EB,Wilshire Blvd,Stoner Ave,Barrington Ave,"7AM - 9AM, 4PM - 7PM","Mon, Tue, Wed, Thu, Fri",Curb,720,,"EB|Wilshire Blvd @ Stoner Ave|7,9,16,19|12345|BD",EB_720_1.MP4 1:40,x
,EB Wilshire Blvd @ Barrington Ave,EB,Wilshire Blvd,Barrington Ave,Barry Ave,"7AM - 9AM, 4PM - 7PM","Mon, Tue, Wed, Thu, Fri",Curb,720,,"EB|Wilshire Blvd @ Barrington Ave|7,9,16,19|12345|BD",EB_720_1.MP4 2:40,x
,EB Wilshire Blvd @ Veteran Ave,EB,Wilshire Blvd,Veteran Ave,Midvale Ave,"7AM - 9AM, 4PM - 7PM","Mon, Tue, Wed, Thu, Fri",Curb,720,,"EB|Wilshire Blvd @ Veteran Ave|7,9,16,19|12345|BD",EB_720_1.MP4 6:00,x
,EB Wilshire Blvd @ Midvale Ave,EB,Wilshire Blvd,Midvale Ave,Westwood Blvd,"7AM - 9AM, 4PM - 7PM","Mon, Tue, Wed, Thu, Fri",Curb,720,,"EB|Wilshire Blvd @ Midvale Ave|7,9,16,19|12345|BD",EB_720_1.MP4 6:17,x
,EB Wilshire Blvd @ Westwood Blvd,EB,Wilshire Blvd,Westwood Blvd,Glendon Ave,"7AM - 9AM, 4PM - 7PM","Mon, Tue, Wed, Thu, Fri",Curb,720,,"EB|Wilshire Blvd @ Westwood Blvd|7,9,16,19|12345|BD",EB_720_1.MP4 7:30,x
,EB Wilshire Blvd @ Glendon Ave,EB,Wilshire Blvd,Glendon Ave,Malcolm Ave,"7AM - 9AM, 4PM - 7PM","Mon, Tue, Wed, Thu, Fri",Curb,720,,"EB|Wilshire Blvd @ Glendon Ave|7,9,16,19|12345|BD",EB_720_1.MP4 7:41,x
,EB Wilshire Blvd @ Malcolm Ave,EB,Wilshire Blvd,Malcolm Ave,Selby Ave,"7AM - 9AM, 4PM - 7PM","Mon, Tue, Wed, Thu, Fri",Curb,720,Lane ends before Selby,"EB|Wilshire Blvd @ Malcolm Ave|7,9,16,19|12345|BD",EB 720_1.MP4 7:58,x
,EB Wilshire Blvd @ Comstock Ave,EB,Wilshire Blvd,Comstock Ave,Merv Griffin Way,24 Hours,All Days,Curb,720,Lane starts after the beginning of the block and ends  before Merv Griffin Way - no enforcement days/times on signs,"EB|Wilshire Blvd @ Comstock Ave|0,24|ALL|BD",EB 720_1.MP4 10:02,Bus lane sign appears at 9:57 for a bus lane ahead. Should this apply to this section? ER: Agree that the sign would apply to this block.
,EB Wilshire Blvd @ Spaulding Ave,EB,Wilshire Blvd,Spaulding Ave,Stanley Ave,"7AM - 9AM, 4PM - 7PM","Mon, Tue, Wed, Thu, Fri",Curb,720,,"EB|Wilshire Blvd @ Spaulding Ave|7,9,16,19|12345|BD",EB 720_3.MP4 4:41,
,EB Wilshire Blvd @ Stanley Ave,EB,Wilshire Blvd,Stanley Ave,Curson Ave,"7AM - 9AM, 4PM - 7PM","Mon, Tue, Wed, Thu, Fri",Curb,720,,"EB|Wilshire Blvd @ Stanley Ave|7,9,16,19|12345|BD",EB 720_3.MP4 4:58,
,EB Wilshire Blvd @ Curson Ave,EB,Wilshire Blvd,Curson Ave,Courtyard Pl,"7AM - 9AM, 4PM - 7PM","Mon, Tue, Wed, Thu, Fri",Offset/Curb,720,,"EB|Wilshire Blvd @ Curson Ave|7,9,16,19|12345|BD",EB 720_3.MP4 5:13,x
,EB Wilshire Blvd @ Courtyard Pl,EB,Wilshire Blvd,Courtyard Pl,Masselin Ave,"7AM - 9AM, 4PM - 7PM","Mon, Tue, Wed, Thu, Fri",Curb,720,,"EB|Wilshire Blvd @ Courtyard Pl|7,9,16,19|12345|BD",EB 720_3.MP4 5:23,x
,EB Wilshire Blvd @ Masselin Ave,EB,Wilshire Blvd,Masselin Ave,Hauser Blvd,"7AM - 9AM, 4PM - 7PM","Mon, Tue, Wed, Thu, Fri",Curb/Offset,720,,"EB|Wilshire Blvd @ Masselin Ave|7,9,16,19|12345|BD",EB 720_3.MP4 5:32,Bus lane right lane bu then there's a right turn lane. Does BL end? ER: I am actually not sure since there is no sign that states bus lane ends. I would assume it goes to the end of the block - I updated position to curb/offset
,EB Wilshire Blvd @ Citrus Ave,EB,Wilshire Blvd,Citrus Ave,Highland Ave,"7AM - 9AM, 4PM - 7PM","Mon, Tue, Wed, Thu, Fri",Curb,720,,"EB|Wilshire Blvd @ Citrus Ave|7,9,16,19|12345|BD",EB 720_3.MP4 9:14,x
,EB Wilshire Blvd @ Highland Ave,EB,Wilshire Blvd,Highland Ave,Longwood Ave,"7AM - 9AM, 4PM - 7PM","Mon, Tue, Wed, Thu, Fri",Curb,720,,"EB|Wilshire Blvd @ Highland Ave|7,9,16,19|12345|BD",EB 720_3.MP4 9:23,x
,EB Wilshire Blvd @ Longwood Ave,EB,Wilshire Blvd,Longwood Ave,Tremaine Ave,"7AM - 9AM, 4PM - 7PM","Mon, Tue, Wed, Thu, Fri",Curb,720,,"EB|Wilshire Blvd @ Longwood Ave|7,9,16,19|12345|BD",EB 720_3.MP4 9:32,x
,EB Wilshire Blvd @ Tremaine Ave,EB,Wilshire Blvd,Tremaine Ave,Keniston Ave,"7AM - 9AM, 4PM - 7PM","Mon, Tue, Wed, Thu, Fri",Curb,720,,"EB|Wilshire Blvd @ Tremaine Ave|7,9,16,19|12345|BD",EB 720_3.MP4 9:38,x
,EB Wilshire Blvd @ Keniston Ave,EB,Wilshire Blvd,Keniston Ave,Hudson Ave,"7AM - 9AM, 4PM - 7PM","Mon, Tue, Wed, Thu, Fri",Curb,720,,"EB|Wilshire Blvd @ Keniston Ave|7,9,16,19|12345|BD",EB 720_3.MP4 9:42,x
,EB Wilshire Blvd @ Hudson Ave,EB,Wilshire Blvd,Hudson Ave,Rimpau Blvd,"7AM - 9AM, 4PM - 7PM","Mon, Tue, Wed, Thu, Fri",Curb,720,,"EB|Wilshire Blvd @ Hudson Ave|7,9,16,19|12345|BD",EB 720_3.MP4 9:50,x
,EB Wilshire Blvd @ Rimpau Blvd,EB,Wilshire Blvd,Rimpau Blvd,Mullen Ave,"7AM - 9AM, 4PM - 7PM","Mon, Tue, Wed, Thu, Fri",Curb,720,,"EB|Wilshire Blvd @ Rimpau Blvd|7,9,16,19|12345|BD",EB 720_3.MP4 9:59,x
,EB Wilshire Blvd @ Mullen Ave,EB,Wilshire Blvd,Mullen Ave,Muirfield Rd,"7AM - 9AM, 4PM - 7PM","Mon, Tue, Wed, Thu, Fri",Curb,720,,"EB|Wilshire Blvd @ Mullen Ave|7,9,16,19|12345|BD",EB 720_3.MP4 10:04,x
,EB Wilshire Blvd @ Muirfield Rd,EB,Wilshire Blvd,Muirfield Rd,Fremont Pl W,"7AM - 9AM, 4PM - 7PM","Mon, Tue, Wed, Thu, Fri",Curb,720,,"EB|Wilshire Blvd @ Muirfield Rd|7,9,16,19|12345|BD",EB 720_3.MP4 10:10,x
,EB Wilshire Blvd @ Fremont Pl W,EB,Wilshire Blvd,Fremont Pl W,Lucerne Blvd,"7AM - 9AM, 4PM - 7PM","Mon, Tue, Wed, Thu, Fri",Curb,720,,"EB|Wilshire Blvd @ Fremont Pl W|7,9,16,19|12345|BD",EB 720_3.MP4 10:20,x
,EB Wilshire Blvd @ Lucerne Blvd,EB,Wilshire Blvd,Lucerne Blvd,Plymouth Blvd,"7AM - 9AM, 4PM - 7PM","Mon, Tue, Wed, Thu, Fri",Curb,720,,"EB|Wilshire Blvd @ Lucerne Blvd|7,9,16,19|12345|BD",EB 720_3.MP4 10:46,x
,EB Wilshire Blvd @ Plymouth Blvd,EB,Wilshire Blvd,Plymouth Blvd,Windsor Blvd,"7AM - 9AM, 4PM - 7PM","Mon, Tue, Wed, Thu, Fri",Curb,720,,"EB|Wilshire Blvd @ Plymouth Blvd|7,9,16,19|12345|BD",EB 720_3.MP4 10:55,x
,EB Wilshire Blvd @ Windsor Blvd,EB,Wilshire Blvd,Windsor Blvd,Lorraine Blvd,"7AM - 9AM, 4PM - 7PM","Mon, Tue, Wed, Thu, Fri",Curb,720,,"EB|Wilshire Blvd @ Windsor Blvd|7,9,16,19|12345|BD",EB 720_3.MP4 11:00,x
,EB Wilshire Blvd @ Lorraine Blvd,EB,Wilshire Blvd,Lorraine Blvd,Crenshaw Blvd,"7AM - 9AM, 4PM - 7PM","Mon, Tue, Wed, Thu, Fri",Curb,720,,"EB|Wilshire Blvd @ Lorraine Blvd|7,9,16,19|12345|BD",EB 720_3.MP4 11:09,x
,EB Wilshire Blvd @ Crenshaw Blvd,EB,Wilshire Blvd,Crenshaw Blvd,Bronson Ave,"7AM - 9AM, 4PM - 7PM","Mon, Tue, Wed, Thu, Fri",Curb,720,,"EB|Wilshire Blvd @ Crenshaw Blvd|7,9,16,19|12345|BD",EB 720_3.MP4 11:17,x
,EB Wilshire Blvd @ Bronson Ave,EB,Wilshire Blvd,Bronson Ave,Norton Ave,"7AM - 9AM, 4PM - 7PM","Mon, Tue, Wed, Thu, Fri",Curb,720,,"EB|Wilshire Blvd @ Bronson Ave|7,9,16,19|12345|BD",EB 720_3.MP4 11:23,x
,EB Wilshire Blvd @ Norton Ave,EB,Wilshire Blvd,Norton Ave,Wilton Pl,"7AM - 9AM, 4PM - 7PM","Mon, Tue, Wed, Thu, Fri",Curb,720,,"EB|Wilshire Blvd @ Norton Ave|7,9,16,19|12345|BD",EB 720_3.MP4 11:32,x
,EB Wilshire Blvd @ Wilton Pl,EB,Wilshire Blvd,Wilton Pl,St Andrews Pl,"7AM - 9AM, 4PM - 7PM","Mon, Tue, Wed, Thu, Fri",Curb,720,,"EB|Wilshire Blvd @ Wilton Pl|7,9,16,19|12345|BD",EB 720_4.MP4 0:25,x
,EB Wilshire Blvd @ St Andrews Pl,EB,Wilshire Blvd,St Andrews Pl,S Western Ave,"7AM - 9AM, 4PM - 7PM","Mon, Tue, Wed, Thu, Fri",Curb,720,,"EB|Wilshire Blvd @ St Andrews Pl|7,9,16,19|12345|BD",EB 720_4.MP4 0:47,x
,EB Wilshire Blvd @ S Western Ave,EB,Wilshire Blvd,S Western Ave,Oxford Ave,"7AM - 9AM, 4PM - 7PM","Mon, Tue, Wed, Thu, Fri",Curb,720,,"EB|Wilshire Blvd @ S Western Ave|7,9,16,19|12345|BD",EB 720_4.MP4 2:08,x
,EB Wilshire Blvd @ Oxford Ave,EB,Wilshire Blvd,Oxford Ave,Serrano Ave,"7AM - 9AM, 4PM - 7PM","Mon, Tue, Wed, Thu, Fri",Curb,720,,"EB|Wilshire Blvd @ Oxford Ave|7,9,16,19|12345|BD",EB 720_4.MP4 2:29,x
,EB Wilshire Blvd @ Serrano Ave,EB,Wilshire Blvd,Serrano Ave,Hobart Ave,"7AM - 9AM, 4PM - 7PM","Mon, Tue, Wed, Thu, Fri",Curb,720,,"EB|Wilshire Blvd @ Serrano Ave|7,9,16,19|12345|BD",EB 720_4.MP4 2:40,x
,EB Wilshire Blvd @ Hobart Blvd,EB,Wilshire Blvd,Hobart Blvd,Harvard Blvd,"7AM - 9AM, 4PM - 7PM","Mon, Tue, Wed, Thu, Fri",Curb,720,,"EB|Wilshire Blvd @ Hobart Blvd|7,9,16,19|12345|BD",EB 720_4.MP4 2:51,x
,EB Wilshire Blvd @ Harvard Blvd,EB,Wilshire Blvd,Harvard Blvd,Kingsley Dr,"7AM - 9AM, 4PM - 7PM","Mon, Tue, Wed, Thu, Fri",Curb,720,,"EB|Wilshire Blvd @ Harvard Blvd|7,9,16,19|12345|BD",EB 720_4.MP4 3:00,x
,EB Wilshire Blvd @ Kingsley Dr,EB,Wilshire Blvd,Kingsley Dr,Ardmore Ave,"7AM - 9AM, 4PM - 7PM","Mon, Tue, Wed, Thu, Fri",Curb,720,,"EB|Wilshire Blvd @ Kingsley Dr|7,9,16,19|12345|BD",EB 720_4.MP4 3:09,x
,EB Wilshire Blvd @ Ardmore Ave,EB,Wilshire Blvd,Ardmore Ave,Normandie Ave/Irolo St,"7AM - 9AM, 4PM - 7PM","Mon, Tue, Wed, Thu, Fri",Curb,720,,"EB|Wilshire Blvd @ Ardmore Ave|7,9,16,19|12345|BD",EB 720_4.MP4 3:52,x
,EB Wilshire Blvd @ Irolo St,EB,Wilshire Blvd,Irolo St,Mariposa Ave,"7AM - 9AM, 4PM - 7PM","Mon, Tue, Wed, Thu, Fri",Curb,720,,"EB|Wilshire Blvd @ Irolo St|7,9,16,19|12345|BD",EB 720_4.MP4 4:18,x
,EB Wilshire Blvd @ S Mariposa Ave,EB,Wilshire Blvd,S Mariposa Ave,Alexandria Ave,"7AM - 9AM, 4PM - 7PM","Mon, Tue, Wed, Thu, Fri",Curb,720,,"EB|Wilshire Blvd @ Mariposa Ave|7,9,16,19|12345|BD",EB 720_4.MP4 4:31,x
,EB Wilshire Blvd @ Alexandria Ave,EB,Wilshire Blvd,Alexandria Ave,Catalina St,"7AM - 9AM, 4PM - 7PM","Mon, Tue, Wed, Thu, Fri",Curb,720,,"EB|Wilshire Blvd @ Alexandria Ave|7,9,16,19|12345|BD",EB 720_4.MP4 4:37,x
,EB Wilshire Blvd @ Catalina St,EB,Wilshire Blvd,Catalina St,Berendo St,"7AM - 9AM, 4PM - 7PM","Mon, Tue, Wed, Thu, Fri",Curb,720,,"EB|Wilshire Blvd @ Catalina St|7,9,16,19|12345|BD",EB 720_4.MP4 4:55,x
,EB Wilshire Blvd @ Berendo St,EB,Wilshire Blvd,Berendo St,S New Hampshire Ave,"7AM - 9AM, 4PM - 7PM","Mon, Tue, Wed, Thu, Fri",Curb,720,,"EB|Wilshire Blvd @ Berendo St|7,9,16,19|12345|BD",EB 720_4.MP4 5:05,x
,EB Wilshire Blvd @ S New Hampshire Ave,EB,Wilshire Blvd,S New Hampshire Ave,Vermont Ave,"7AM - 9AM, 4PM - 7PM","Mon, Tue, Wed, Thu, Fri",Curb,720,,"EB|Wilshire Blvd @ S New Hampshire Ave|7,9,16,19|12345|BD",EB 720_4.MP4 5:16,x
,EB Wilshire Blvd @ Vermont Ave,EB,Wilshire Blvd,Vermont Ave,Shatto Pl,"7AM - 9AM, 4PM - 7PM","Mon, Tue, Wed, Thu, Fri",Curb,720,,"EB|Wilshire Blvd @ Vermont Ave|7,9,16,19|12345|BD",EB 720_4.MP4 5:26,x
,EB Wilshire Blvd @ Shatto Pl,EB,Wilshire Blvd,Shatto Pl,Westmoreland Ave,"7AM - 9AM, 4PM - 7PM","Mon, Tue, Wed, Thu, Fri",Curb,720,,"EB|Wilshire Blvd @ Shatto Pl|7,9,16,19|12345|BD",EB 720_4.MP4 5:41,x
,EB Wilshire Blvd @ Westmoreland Ave,EB,Wilshire Blvd,Westmoreland Ave,Wilshire Pl,"7AM - 9AM, 4PM - 7PM","Mon, Tue, Wed, Thu, Fri",Curb,720,,"EB|Wilshire Blvd @ Westmoreland Ave|7,9,16,19|12345|BD",EB 720_4.MP4 6:46,x
,EB Wilshire Blvd @ Wilshire Pl,EB,Wilshire Blvd,Wilshire Pl,Virgil,"7AM - 9AM, 4PM - 7PM","Mon, Tue, Wed, Thu, Fri",Curb,720,"No sign, used previous block days/times","EB|Wilshire Blvd @ Wilshire Pl|7,9,16,19|12345|BD",EB 720_4.MP4 6:59,x
,EB Wilshire Blvd @ Virgil,EB,Wilshire Blvd,Virgil,Commonwealth Ave,"7AM - 9AM, 4PM - 7PM","Mon, Tue, Wed, Thu, Fri",Curb,720,"No sign, used previous block days/times","EB|Wilshire Blvd @ Virgil|7,9,16,19|12345|BD",EB 720_4.MP4 7:08,x
,EB Wilshire Blvd @ Commonwealth Ave,EB,Wilshire Blvd,Commonwealth Ave,Hoover St,"7AM - 9AM, 4PM - 7PM","Mon, Tue, Wed, Thu, Fri",Curb,720,"No sign, used previous block days/times","EB|Wilshire Blvd @ Commonwealth Ave|7,9,16,19|12345|BD",EB 720_4.MP4 7:21,x
,EB Wilshire Blvd @ Hoover St,EB,Wilshire Blvd,Hoover St,La Fayette Parkk Pl,"7AM - 9AM, 4PM - 7PM","Mon, Tue, Wed, Thu, Fri",Curb,720,,"EB|Wilshire Blvd @ Hoover St|7,9,16,19|12345|BD",EB 720_4.MP4 7:33,x
,EB Wilshire Blvd @ La Fayette Parkk Pl,EB,Wilshire Blvd,La Fayette Parkk Pl,Rampart Blvd,"7AM - 9AM, 4PM - 7PM","Mon, Tue, Wed, Thu, Fri",Curb,720,,"EB|Wilshire Blvd @ La Fayette Parkk Pl|7,9,16,19|12345|BD",EB 720_4.MP4 7:40,x
,EB Wilshire Blvd @ Rampart Blvd,EB,Wilshire Blvd,Rampart Blvd,Coronado St,"7AM - 9AM, 4PM - 7PM","Mon, Tue, Wed, Thu, Fri",Curb,720,,"EB|Wilshire Blvd @ Rampart Blvd|7,9,16,19|12345|BD",EB 720_4.MP4 7:51,x
,EB Wilshire Blvd @ Coronado St,EB,Wilshire Blvd,Coronado St,Carondelet St,"7AM - 9AM, 4PM - 7PM","Mon, Tue, Wed, Thu, Fri",Curb,720,,"EB|Wilshire Blvd @ Coronado St|7,9,16,19|12345|BD",EB 720_4.MP4 9:05,x
,EB 6th St @ S Hope St,EB,6th St,S Hope St,Grand Ave,7AM - 7PM,"Mon, Tue, Wed, Thu, Fri",Curb,720,,"EB|6th St @ S Hope St|7,19|12345|BD",EB 720_5.MP4 7:47,x
,EB 6th St @ Grand Ave,EB,6th St,Grand Ave,Olive St,7AM - 7PM,"Mon, Tue, Wed, Thu, Fri",Curb,720,,"EB|6th St @ Grand Ave|7,19|12345|BD",EB 720_5.MP4 8:06,x
,EB 6th St @ Olive St,EB,6th St,Olive St,Hill St,7AM - 7PM,"Mon, Tue, Wed, Thu, Fri",Curb,720,,"EB|6th St @ Olive St|7,19|12345|BD",EB 720_5.MP4 8:23,x
,EB 6th St @ Hill St,EB,6th St,Hill St,Broadway,7AM - 7PM,"Mon, Tue, Wed, Thu, Fri",Curb,720,,"EB|6th St @ Hill St|7,19|12345|BD",EB 720_5.MP4 8:43,x
,EB 6th St @ Broadway,EB,6th St,Broadway,Spring St,7AM - 7PM,"Mon, Tue, Wed, Thu, Fri",Curb,720,,"EB|6th St @ Broadway|7,19|12345|BD",EB 720_5.MP4 9:18,x
,EB 6th St @ Spring St,EB,6th St,Spring St,Main St,7AM - 7PM,"Mon, Tue, Wed, Thu, Fri",Curb,720,,"EB|6th St @ Spring St|7,19|12345|BD",EB 720_5.MP4 10:09,x
,EB 6th St @ Main St,EB,6th St,Main St,Los Angeles St,7AM - 7PM,"Mon, Tue, Wed, Thu, Fri",Curb,720,,"EB|6th St @ Main St|7,19|12345|BD",EB 720_5.MP4 10:28,x
,EB 6th St @ Los Angeles St,EB,6th St,Los Angeles St,Maple Ave,7AM - 7PM,"Mon, Tue, Wed, Thu, Fri",Curb,720,,"EB|6th St @ Los Angeles St|7,19|12345|BD",EB 720_6.MP4 0:18,x
,EB 6th St @ Maple Ave,EB,6th St,Maple Ave,Wall St,7AM - 7PM,"Mon, Tue, Wed, Thu, Fri",Curb,720,,"EB|6th St @ Maple Ave|7,19|12345|BD",EB 720_6.MP4 0:32,x
,EB 6th St @ Wall St,EB,6th St,Wall St,San Julian St,7AM - 7PM,"Mon, Tue, Wed, Thu, Fri",Offset,720,Lane ends halfway to the end of the block,"EB|6th St @ Wall St|7,19|12345|BD",EB 720_6.MP4 0:40,x
,EB 6th St @ Crocker St,EB,6th St,Crocker St,Towne Ave,7AM - 7PM,"Mon, Tue, Wed, Thu, Fri",Offset,720,"No sign, used previous block days/times","EB|6th St @ Crocker St|7,19|12345|BD",EB 720_6.MP4 1:22,x
,EB 6th St @ Towne Ave,EB,6th St,Towne Ave,Stanford Ave,7AM - 7PM,"Mon, Tue, Wed, Thu, Fri",Offset,720,,"EB|6th St @ Towne Ave|7,19|12345|BD",EB 720_6.MP4 1:31,x
,EB 6th St @ Stanford Ave,EB,6th St,Stanford Ave,Gladys Ave,7AM - 7PM,"Mon, Tue, Wed, Thu, Fri",Offset,720,"No sign, used previous block days/times","EB|6th St @ Stanford Ave|7,19|12345|BD",EB 720_6.MP4 1:36,x
,EB 6th St @ Gladys Ave,EB,6th St,Gladys Ave,Ceres Ave,7AM - 7PM,"Mon, Tue, Wed, Thu, Fri",Offset,720,,"EB|6th St @ Gladys Ave|7,19|12345|BD",EB 720_6.MP4 1:49,x
,EB 6th St @ Ceres Ave,EB,6th St,Ceres Ave,Kohler St,7AM - 7PM,"Mon, Tue, Wed, Thu, Fri",Offset,720,"No sign, used previous block days/times, Lane ends halfway to the end of the block","EB|6th St @ Ceres Ave|7,19|12345|BD",EB 720_6.MP4 1:56,x
,WB 5th St @ Central Ave,WB,5th St,Central Ave,Gladys Ave,7AM - 7PM,"Mon, Tue, Wed, Thu, Fri",Curb,720,,"WB|5th St @ Central Ave|7,19|12345|BD",WB 720_1.MP4 1:13,x
,WB 5th St @ Gladys Ave,WB,5th St,Gladys Ave,Stanford Ave,7AM - 7PM,"Mon, Tue, Wed, Thu, Fri",Curb,720,,"WB|5th St @ Gladys Ave|7,19|12345|BD",WB 720_1.MP4 1:16,x
,WB 5th St @ Stanford Ave,WB,5th St,Stanford Ave,Towne Ave,7AM - 7PM,"Mon, Tue, Wed, Thu, Fri",Curb,720,"No sign, used previous block days/times","WB|5th St @ Stanford Ave|7,19|12345|BD",WB 720_1.MP4 1:22,x
,WB 5th St @ Towne Ave,WB,5th St,Towne Ave,Crocker St,7AM - 7PM,"Mon, Tue, Wed, Thu, Fri",Curb,720,,"WB|5th St @ Towne Ave|7,19|12345|BD",WB 720_1.MP4 1:32,x
,WB 5th St @ Crocker St,WB,5th St,Crocker St,San Pedro St,7AM - 7PM,"Mon, Tue, Wed, Thu, Fri",Curb,720,,"WB|5th St @ Crocker St|7,19|12345|BD",WB 720_1.MP4 1:39,x
,WB 5th St @ San Pedro St,WB,5th St,San Pedro St,San Julian St,7AM - 7PM,"Mon, Tue, Wed, Thu, Fri",Curb,720,,"WB|5th St @ San Pedro St|7,19|12345|BD",WB 720_1.MP4 2:29,x
,WB 5th St @ San Julian St,WB,5th St,San Julian St,Wall St,7AM - 7PM,"Mon, Tue, Wed, Thu, Fri",Curb,720,,"WB|5th St @ San Julian St|7,19|12345|BD",WB 720_1.MP4 2:40,x
,WB 5th St @ Wall St,WB,5th St,Wall St,Maple Ave,7AM - 7PM,"Mon, Tue, Wed, Thu, Fri",Offset,720,,"WB|5th St @ Wall St|7,19|12345|BD",WB 720_1.MP4 2:48,x
,WB 5th St @ Maple Ave,WB,5th St,Maple Ave,Los Angeles St,7AM - 7PM,"Mon, Tue, Wed, Thu, Fri",Curb,720,,"WB|5th St @ Maple Ave|7,19|12345|BD",WB 720_1.MP4 2:57,x
,WB 5th St @ Los Angeles St,WB,5th St,Los Angeles St,Main St,7AM - 7PM,"Mon, Tue, Wed, Thu, Fri",Curb,720,,"WB|5th St @ Los Angeles St|7,19|12345|BD",WB 720_1.MP4 4:32,x
,WB 5th St @ Main St,WB,5th St,Main St,Spring St,7AM - 7PM,"Mon, Tue, Wed, Thu, Fri",Curb,720,,"WB|5th St @ Main St|7,19|12345|BD",WB 720_1.MP4 4:54,x
,WB 5th St @ Spring St,WB,5th St,Spring St,Broadway,7AM - 7PM,"Mon, Tue, Wed, Thu, Fri",Curb,720,,"WB|5th St @ Spring St|7,19|12345|BD",WB 720_1.MP4 5:18,x
,WB 5th St @ Broadway,WB,5th St,Broadway,Hill St,7AM - 7PM,"Mon, Tue, Wed, Thu, Fri",Curb,720,,"WB|5th St @ Broadway|7,19|12345|BD",WB 720_1.MP4 6:33,x
,WB 5th St @ Hill St,WB,5th St,Hill St,Olive St,7AM - 7PM,"Mon, Tue, Wed, Thu, Fri",Curb,720,,"WB|5th St @ Hill St|7,19|12345|BD",WB 720_1.MP4 7:00,x
,WB 5th St @ Olive St,WB,5th St,Olive St,Grand Ave,7AM - 7PM,"Mon, Tue, Wed, Thu, Fri",Offset/Curb,720,,"WB|5th St @ Olive St|7,19|12345|BD",WB 720_1.MP4 7:21,x
,WB 5th St @ S Grand Ave,WB,5th St,S Grand Ave,Flower St,7AM - 7PM,"Mon, Tue, Wed, Thu, Fri",Curb,720,Lane ends part way through the block,"WB|5th St @ Grand Ave|7,19|12345|BD",WB 720_1.MP4 7:41,x
,WB Wilshire Blvd @ Park View St,WB,Wilshire Blvd,Park View St,Carondelet St,"7AM - 9AM, 4PM - 7PM","Mon, Tue, Wed, Thu, Fri",Curb,720,,"WB|Wilshire Blvd @ Park View St|7,9,16,19|12345|BD",WB 720_2.MP4 5:04,x
,WB Wilshire Blvd @ Carondelet St,WB,Wilshire Blvd,Carondelet St,Coronado St,"7AM - 9AM, 4PM - 7PM","Mon, Tue, Wed, Thu, Fri",Curb,720,,"WB|Wilshire Blvd @ Carondelet St|7,9,16,19|12345|BD",WB 720_2.MP4 5:44,x
,WB Wilshire Blvd @ Coronado St,WB,Wilshire Blvd,Coronado St,Rampart Blvd,"7AM - 9AM, 4PM - 7PM","Mon, Tue, Wed, Thu, Fri",Curb,720,,"WB|Wilshire Blvd @ Coronado St|7,9,16,19|12345|BD",WB 720_2.MP4 5:54,x
,WB Wilshire Blvd @ Rampart Blvd,WB,Wilshire Blvd,Rampart Blvd,La Fayette Parkk Pl,"7AM - 9AM, 4PM - 7PM","Mon, Tue, Wed, Thu, Fri",Curb,720,"No sign, used previous block days/times","WB|Wilshire Blvd @ Rampart Blvd|7,9,16,19|12345|BD",WB 720_2.MP4 6:02,x
,WB Wilshire Blvd @ La Fayette Parkk Pl,WB,Wilshire Blvd,La Fayette Parkk Pl,Hoover St,"7AM - 9AM, 4PM - 7PM","Mon, Tue, Wed, Thu, Fri",Curb,720,,"WB|Wilshire Blvd @ La Fayette Parkk Pl|7,9,16,19|12345|BD",WB 720_2.MP4 6:10,x
,WB Wilshire Blvd @ Hoover St,WB,Wilshire Blvd,Hoover St,Commonwealth Ave,"7AM - 9AM, 4PM - 7PM","Mon, Tue, Wed, Thu, Fri",Curb,720,,"WB|Wilshire Blvd @ Hoover St|7,9,16,19|12345|BD",WB 720_2.MP4 6:16,x
,WB Wilshire Blvd @ Commonwealth Ave,WB,Wilshire Blvd,Commonwealth Ave,Virgil Ave,"7AM - 9AM, 4PM - 7PM","Mon, Tue, Wed, Thu, Fri",Curb,720,,"WB|Wilshire Blvd @ Commonwealth Ave|7,9,16,19|12345|BD",WB 720_2.MP4 6:26,x
,WB Wilshire Blvd @ Virgil Ave,WB,Wilshire Blvd,Virgil Ave,Westmoreland Ave,"7AM - 9AM, 4PM - 7PM","Mon, Tue, Wed, Thu, Fri",Curb,720,,"WB|Wilshire Blvd @ Virgil Ave|7,9,16,19|12345|BD",WB 720_2.MP4 7:16,x
,WB Wilshire Blvd @ Westmoreland Ave,WB,Wilshire Blvd,Westmoreland Ave,Shatto Pl,"7AM - 9AM, 4PM - 7PM","Mon, Tue, Wed, Thu, Fri",Curb,720,,"WB|Wilshire Blvd @ Westmoreland Ave|7,9,16,19|12345|BD",WB 720_2.MP4 7:28,x
,WB Wilshire Blvd @ Shatto Pl,WB,Wilshire Blvd,Shatto Pl,Vermont Ave,"7AM - 9AM, 4PM - 7PM","Mon, Tue, Wed, Thu, Fri",Curb,720,,"WB|Wilshire Blvd @ Shatto Pl|7,9,16,19|12345|BD",WB 720_2.MP4 8:05,x
,WB Wilshire Blvd @ Vermont Ave,WB,Wilshire Blvd,Vermont Ave,New Hampshire Ave,"7AM - 9AM, 4PM - 7PM","Mon, Tue, Wed, Thu, Fri",Curb,720,,"WB|Wilshire Blvd @ Vermont Ave|7,9,16,19|12345|BD",WB 720_2.MP4 9:02,x
,WB Wilshire Blvd @ New Hampshire Ave,WB,Wilshire Blvd,New Hampshire Ave,Berendo St,"7AM - 9AM, 4PM - 7PM","Mon, Tue, Wed, Thu, Fri",Curb,720,,"WB|Wilshire Blvd @ New Hampshire Ave|7,9,16,19|12345|BD",WB 720_2.MP4 9:13,x
,WB Wilshire Blvd @ Berendo St,WB,Wilshire Blvd,Berendo St,Catalina St,"7AM - 9AM, 4PM - 7PM","Mon, Tue, Wed, Thu, Fri",Curb,720,,"WB|Wilshire Blvd @ Berendo St|7,9,16,19|12345|BD",WB 720_2.MP4 9:24,x
,WB Wilshire Blvd @ Catalina St,WB,Wilshire Blvd,Catalina St,Kenmore Ave,"7AM - 9AM, 4PM - 7PM","Mon, Tue, Wed, Thu, Fri",Curb,720,,"WB|Wilshire Blvd @ Catalina St|7,9,16,19|12345|BD",WB 720_2.MP4 10:07,x
,WB Wilshire Blvd @ Kenmore Ave,WB,Wilshire Blvd,Kenmore Ave,Alexandria Ave,"7AM - 9AM, 4PM - 7PM","Mon, Tue, Wed, Thu, Fri",Curb,720,,"WB|Wilshire Blvd @ Kenmore Ave|7,9,16,19|12345|BD",WB 720_2.MP4 10:26,x
,WB Wilshire Blvd @ Alexandria Ave,WB,Wilshire Blvd,Alexandria Ave,Mariposa Ave,"7AM - 9AM, 4PM - 7PM","Mon, Tue, Wed, Thu, Fri",Curb,720,,"WB|Wilshire Blvd @ Alexandria Ave|7,9,16,19|12345|BD",WB 720_2.MP4 10:48,x
,WB Wilshire Blvd @ S Mariposa Ave,WB,Wilshire Blvd,S Mariposa Ave,Normandie Ave,"7AM - 9AM, 4PM - 7PM","Mon, Tue, Wed, Thu, Fri",Curb,720,,"WB|Wilshire Blvd @ Mariposa Ave|7,9,16,19|12345|BD",WB 720_2.MP4 11:14,x
,WB Wilshire Blvd @ Normandie Ave,WB,Wilshire Blvd,Normandie Ave,Ardmore Ave,"7AM - 9AM, 4PM - 7PM","Mon, Tue, Wed, Thu, Fri",Curb,720,,"WB|Wilshire Blvd @ Normandie Ave|7,9,16,19|12345|BD",WB 720_2.MP4 11:24,x
,WB Wilshire Blvd @ Ardmore Ave,WB,Wilshire Blvd,Ardmore Ave,Kingsley Dr,"7AM - 9AM, 4PM - 7PM","Mon, Tue, Wed, Thu, Fri",Curb,720,,"WB|Wilshire Blvd @ Ardmore Ave|7,9,16,19|12345|BD",WB 720_2.MP4 11:33,x
,WB Wilshire Blvd @ Kingsley Dr,WB,Wilshire Blvd,Kingsley Dr,Harvard Blvd,"7AM - 9AM, 4PM - 7PM","Mon, Tue, Wed, Thu, Fri",Curb,720,,"WB|Wilshire Blvd @ Kingsley Dr|7,9,16,19|12345|BD",WB 720_2.MP4 11:41,x
,WB Wilshire Blvd @ Harvard Blvd,WB,Wilshire Blvd,Harvard Blvd,Hobart Ave,"7AM - 9AM, 4PM - 7PM","Mon, Tue, Wed, Thu, Fri",Curb,720,,"WB|Wilshire Blvd @ Harvard Blvd|7,9,16,19|12345|BD",WB 720_3.MP4 0:02,x
,WB Wilshire Blvd @ Hobart Ave,WB,Wilshire Blvd,Hobart Ave,Serrano Ave,"7AM - 9AM, 4PM - 7PM","Mon, Tue, Wed, Thu, Fri",Curb,720,,"WB|Wilshire Blvd @ Hobart Ave|7,9,16,19|12345|BD",WB 720_3.MP4 0:43,x
,WB Wilshire Blvd @ Serrano Ave,WB,Wilshire Blvd,Serrano Ave,Oxford Ave,Not Enforced until further notice,Not Enforced until further notice,Curb/Offset/Curb,720,Deactivated due to construction,"WB|Wilshire Blvd @ Serrano Ave|7,9,16,19|12345|BD",WB 720_3.MP4 0:53,x
,WB Wilshire Blvd @ Oxford Ave,WB,Wilshire Blvd,Oxford Ave,S Western Ave,Not Enforced until further notice,Not Enforced until further notice,Curb,720,Deactivated due to construction,"WB|Wilshire Blvd @ Oxford Ave|7,9,16,19|12345|BD",WB 720_3.MP4 1:03,x
,WB Wilshire Blvd @ S Western Ave,WB,Wilshire Blvd,S Western Ave,Manhattan Pl,Not Enforced until further notice,Not Enforced until further notice,Curb,720,Deactivated due to construction,"WB|Wilshire Blvd @ S Western Ave|7,9,16,19|12345|BD",WB 720_3.MP4 1:59,x
,WB Wilshire Blvd @ Manhattan Pl,WB,Wilshire Blvd,Manhattan Pl,St Andrews Pl,"7AM - 9AM, 4PM - 7PM","Mon, Tue, Wed, Thu, Fri",Curb,720,,"WB|Wilshire Blvd @ Manhattan Pl|7,9,16,19|12345|BD",WB 720_3.MP4 2:08,x
,WB Wilshire Blvd @ St Andrews Pl,WB,Wilshire Blvd,St Andrews Pl,Gramercy Pl,"7AM - 9AM, 4PM - 7PM","Mon, Tue, Wed, Thu, Fri",Curb,720,,"WB|Wilshire Blvd @ St Andrews Pl|7,9,16,19|12345|BD",WB 720_3.MP4 2:18,x
,WB Wilshire Blvd @ Gramercy Pl,WB,Wilshire Blvd,Gramercy Pl,Wilton Pl,"7AM - 9AM, 4PM - 7PM","Mon, Tue, Wed, Thu, Fri",Curb,720,,"WB|Wilshire Blvd @ Gramercy Pl|7,9,16,19|12345|BD",WB 720_3.MP4 2:27,x
,WB Wilshire Blvd @ Wilton Pl,WB,Wilshire Blvd,Wilton Pl,Van Ness Ave,"7AM - 9AM, 4PM - 7PM","Mon, Tue, Wed, Thu, Fri",Curb,720,,"WB|Wilshire Blvd @ Wilton Pl|7,9,16,19|12345|BD",WB 720_3.MP4 2:56,x
,WB Wilshire Blvd @ Van Ness Ave,WB,Wilshire Blvd,Van Ness Ave,Norton Ave,"7AM - 9AM, 4PM - 7PM","Mon, Tue, Wed, Thu, Fri",Curb,720,,"WB|Wilshire Blvd @ Van Ness Ave|7,9,16,19|12345|BD",WB 720_3.MP4 3:04,x
,WB Wilshire Blvd @ Norton Ave,WB,Wilshire Blvd,Norton Ave,Bronson Ave,"7AM - 9AM, 4PM - 7PM","Mon, Tue, Wed, Thu, Fri",Curb,720,,"WB|Wilshire Blvd @ Norton Ave|7,9,16,19|12345|BD",WB 720_3.MP4 3:27,x
,WB Wilshire Blvd @ Bronson Ave,WB,Wilshire Blvd,Bronson Ave,Irving Blvd,"7AM - 9AM, 4PM - 7PM","Mon, Tue, Wed, Thu, Fri",Curb,720,"No sign, used previous block days/times","WB|Wilshire Blvd @ Bronson Ave|7,9,16,19|12345|BD",WB 720_3.MP4 3:36,x
,WB Wilshire Blvd @ Irving Blvd,WB,Wilshire Blvd,Irving Blvd,Crenshaw Blvd,"7AM - 9AM, 4PM - 7PM","Mon, Tue, Wed, Thu, Fri",Curb,720,,"WB|Wilshire Blvd @ Irving Blvd|7,9,16,19|12345|BD",WB 720_3.MP4 3:41,x
,WB Wilshire Blvd @ Crenshaw Blvd,WB,Wilshire Blvd,Crenshaw Blvd,Lorraine Blvd,"7AM - 9AM, 4PM - 7PM","Mon, Tue, Wed, Thu, Fri",Curb,720,"No sign, used previous block days/times","WB|Wilshire Blvd @ Crenshaw Blvd|7,9,16,19|12345|BD",WB 720_3.MP4 3:48,x
,WB Wilshire Blvd @ Lorraine Blvd,WB,Wilshire Blvd,Lorraine Blvd,Windsor Blvd,"7AM - 9AM, 4PM - 7PM","Mon, Tue, Wed, Thu, Fri",Curb,720,,"WB|Wilshire Blvd @ Lorraine Blvd|7,9,16,19|12345|BD",WB 720_3.MP4 3:52,x
,WB Wilshire Blvd @ Windsor Blvd,WB,Wilshire Blvd,Windsor Blvd,Plymouth Blvd,"7AM - 9AM, 4PM - 7PM","Mon, Tue, Wed, Thu, Fri",Curb,720,,"WB|Wilshire Blvd @ Windsor Blvd|7,9,16,19|12345|BD",WB 720_3.MP4 4:01,x
,WB Wilshire Blvd @ Plymouth Blvd,WB,Wilshire Blvd,Plymouth Blvd,Lucerne Blvd,"7AM - 9AM, 4PM - 7PM","Mon, Tue, Wed, Thu, Fri",Curb,720,,"WB|Wilshire Blvd @ Plymouth Blvd|7,9,16,19|12345|BD",WB 720_3.MP4 4:23,x
,WB Wilshire Blvd @ Lucerne Blvd,WB,Wilshire Blvd,Lucerne Blvd,Arden Blvd,"7AM - 9AM, 4PM - 7PM","Mon, Tue, Wed, Thu, Fri",Curb,720,,"WB|Wilshire Blvd @ Lucerne Blvd|7,9,16,19|12345|BD",WB 720_3.MP4 4:37,x
,WB Wilshire Blvd @ Arden Blvd,WB,Wilshire Blvd,Arden Blvd,Rossmore Ave,"7AM - 9AM, 4PM - 7PM","Mon, Tue, Wed, Thu, Fri",Curb,720,,"WB|Wilshire Blvd @ Arden Blvd|7,9,16,19|12345|BD",WB 720_3.MP4 4:43,x
,WB Wilshire Blvd @ Rossmore Ave,WB,Wilshire Blvd,Rossmore Ave,Muirfield Rd,"7AM - 9AM, 4PM - 7PM","Mon, Tue, Wed, Thu, Fri",Curb,720,,"WB|Wilshire Blvd @ Rossmore Ave|7,9,16,19|12345|BD",WB 720_3.MP4 4:58,x
,WB Wilshire Blvd @ Muirfield Rd,WB,Wilshire Blvd,Muirfield Rd,Rimpau Blvd,"7AM - 9AM, 4PM - 7PM","Mon, Tue, Wed, Thu, Fri",Curb,720,,"WB|Wilshire Blvd @ Muirfield Rd|7,9,16,19|12345|BD",WB 720_3.MP4 5:07,x
,WB Wilshire Blvd @ Rimpau Blvd,WB,Wilshire Blvd,Rimpau Blvd,Hudson Ave,"7AM - 9AM, 4PM - 7PM","Mon, Tue, Wed, Thu, Fri",Curb,720,,"WB|Wilshire Blvd @ Rimpau Blvd|7,9,16,19|12345|BD",WB 720_3.MP4 5:32,x
,WB Wilshire Blvd @ Hudson Ave,WB,Wilshire Blvd,Hudson Ave,June St,"7AM - 9AM, 4PM - 7PM","Mon, Tue, Wed, Thu, Fri",Curb,720,,"WB|Wilshire Blvd @ Hudson Ave|7,9,16,19|12345|BD",WB 720_3.MP4 5:43,x
,WB Wilshire Blvd @ June St,WB,Wilshire Blvd,June St,Mc Cadden Pl,"7AM - 9AM, 4PM - 7PM","Mon, Tue, Wed, Thu, Fri",Curb,720,,"WB|Wilshire Blvd @ June St|7,9,16,19|12345|BD",WB 720_3.MP4 5:53,x
,WB Wilshire Blvd @ Mc Cadden Pl,WB,Wilshire Blvd,Mc Cadden Pl,Highland Ave,"7AM - 9AM, 4PM - 7PM","Mon, Tue, Wed, Thu, Fri",Curb,720,,"WB|Wilshire Blvd @ Mc Cadden Pl|7,9,16,19|12345|BD",WB 720_3.MP4 6:06,x
,WB Wilshire Blvd @ Highland Ave,WB,Wilshire Blvd,Highland Ave,Citrus Ave,"7AM - 9AM, 4PM - 7PM","Mon, Tue, Wed, Thu, Fri",Curb,720,"No sign, used previous block days/times","WB|Wilshire Blvd @ Highland Ave|7,9,16,19|12345|BD",WB 720_3.MP4 7:39,x
,WB Wilshire Blvd @ Citrus Ave,WB,Wilshire Blvd,Citrus Ave,Mansfield Ave,"7AM - 9AM, 4PM - 7PM","Mon, Tue, Wed, Thu, Fri",Curb,720,"No sign, used previous block days/times","WB|Wilshire Blvd @ Citrus Ave|7,9,16,19|12345|BD",WB 720_3.MP4 7:45,x
,WB Wilshire Blvd @ Mansfield Ave,WB,Wilshire Blvd,Mansfield Ave,Orange Dr,"7AM - 9AM, 4PM - 7PM","Mon, Tue, Wed, Thu, Fri",Curb,720,"No sign, used previous block days/times","WB|Wilshire Blvd @ Mansfield Ave|7,9,16,19|12345|BD",WB 720_3.MP4 7:54,x
,WB Wilshire Blvd @ Masselin Ave,WB,Wilshire Blvd,Masselin Ave,Curson Ave,"7AM - 9AM, 4PM - 7PM","Mon, Tue, Wed, Thu, Fri",Curb,720,,"WB|Wilshire Blvd @ Masselin Ave|7,9,16,19|12345|BD",WB 720_3.MP4 10:28,x
,WB Wilshire Blvd @ Curson Ave,WB,Wilshire Blvd,Curson Ave,Spaulding Ave,"7AM - 9AM, 4PM - 7PM","Mon, Tue, Wed, Thu, Fri",Curb,720,,"WB|Wilshire Blvd @ Curson Ave|7,9,16,19|12345|BD",WB 720_3.MP4 11:16,x
,WB Wilshire Blvd @ Fairfax Ave,WB,Wilshire Blvd,Fairfax Ave,Cresent Heights Blvd,"7AM - 9AM, 4PM - 7PM","Mon, Tue, Wed, Thu, Fri",Curb,720,Lane does not begin at start of block,"WB|Wilshire Blvd @ Fairfax Ave|7,9,16,19|12345|BD",WB 720_4.MP4 0:59,"Is this a bus lane sign - ER yes, there is a sign"
,WB Wilshire Blvd @ Whittier Dr,WB,Wilshire Blvd,Whittier Dr,Comstock Ave,24 Hours,All Days,Curb,720,"Lane does not begin at start of block, No sign, used previous block days/times","WB|Wilshire Blvd @ Whittier Dr|0,24|ALL|BD",WB 720_5.MP4 4:46,x
,WB Wilshire Blvd @ Selby Ave,WB,Wilshire Blvd,Selby Ave,Malcolm Ave,"7AM - 9AM, 4PM - 7PM","Mon, Tue, Wed, Thu, Fri",Curb,720,Lane begins after the start of the block,"WB|Wilshire Blvd @ Selby Ave|7,9,16,19|12345|BD",WB 720_5.MP4 9:21,x
,WB Wilshire Blvd @ Malcolm Ave,WB,Wilshire Blvd,Malcolm Ave,Glendon Ave,"7AM - 9AM, 4PM - 7PM","Mon, Tue, Wed, Thu, Fri",Curb,720,,"WB|Wilshire Blvd @ Malcolm Ave|7,9,16,19|12345|BD",WB 720_5.MP4 9:31,x
,WB Wilshire Blvd @ Glendon Ave,WB,Wilshire Blvd,Glendon Ave,Westwood Blvd,"7AM - 9AM, 4PM - 7PM","Mon, Tue, Wed, Thu, Fri",Curb,720,,"WB|Wilshire Blvd @ Glendon Ave|7,9,16,19|12345|BD",WB 720_5.MP4 9:58,x
,WB Wilshire Blvd @ Westwood Blvd,WB,Wilshire Blvd,Westwood Blvd,Gayley Ave,"7AM - 9AM, 4PM - 7PM","Mon, Tue, Wed, Thu, Fri",Curb,720,,"WB|Wilshire Blvd @ Westwood Blvd|7,9,16,19|12345|BD",WB 720_5.MP4 11:02,x
,WB Wilshire Blvd @ Gayley Ave,WB,Wilshire Blvd,Gayley Ave,Veteran Ave,"7AM - 9AM, 4PM - 7PM","Mon, Tue, Wed, Thu, Fri",Curb,720,"No sign, used previous block days/times","WB|Wilshire Blvd @ Gayley Ave|7,9,16,19|12345|BD",WB 720_5.MP4 11:12,x
,WB Wilshire Blvd @ San Vicente Bl,WB,Wilshire Blvd,San Vicente Bl,Barry Ave,"7AM - 9AM, 4PM - 7PM","Mon, Tue, Wed, Thu, Fri",Curb,720,,"WB|Wilshire Blvd @ San Vicente Bl|7,9,16,19|12345|BD",WB 720_6.MP4 2:07,x
,WB Wilshire Blvd @ Barry Ave,WB,Wilshire Blvd,Barry Ave,Barrington Ave,"7AM - 9AM, 4PM - 7PM","Mon, Tue, Wed, Thu, Fri",Curb,720,,"WB|Wilshire Blvd @ Barry Ave|7,9,16,19|12345|BD",WB 720_6.MP4 2:13,x
,WB Wilshire Blvd @ S Barrington Ave,WB,Wilshire Blvd,S Barrington Ave,Granville Ave,"7AM - 9AM, 4PM - 7PM","Mon, Tue, Wed, Thu, Fri",Curb,720,,"WB|Wilshire Blvd @ Barrington|7,9,16,19|12345|BD",WB 720_6.MP4 2:24,x
,WB Wilshire Blvd @ Granville Ave,WB,Wilshire Blvd,Granville Ave,Westgate Ave,"7AM - 9AM, 4PM - 7PM","Mon, Tue, Wed, Thu, Fri",Curb,720,,"WB|Wilshire Blvd @ Granville Ave|7,9,16,19|12345|BD",WB 720_6.MP4 2:43,x
,WB Wilshire Blvd @ Westgate Ave,WB,Wilshire Blvd,Westgate Ave,Brockton Ave,"7AM - 9AM, 4PM - 7PM","Mon, Tue, Wed, Thu, Fri",Curb,720,,"WB|Wilshire Blvd @ Westgate Ave|7,9,16,19|12345|BD",WB 720_6.MP4 3:08,x
,WB Wilshire Blvd @ Brockton Ave,WB,Wilshire Blvd,Brockton Ave,Bundy Dr,"7AM - 9AM, 4PM - 7PM","Mon, Tue, Wed, Thu, Fri",Curb,720,,"WB|Wilshire Blvd @ Brockton Ave|7,9,16,19|12345|BD",WB 720_6.MP4 3:41,x
,WB Wilshire Blvd @ Bundy Dr,WB,Wilshire Blvd,Bundy Dr,Amherst,"7AM - 9AM, 4PM - 7PM","Mon, Tue, Wed, Thu, Fri",Curb,720,"No sign, used previous block days/times","WB|Wilshire Blvd @ Bundy Dr|7,9,16,19|12345|BD",WB 720_6.MP4 4:35,x
,WB Wilshire Blvd @ Amherst,WB,Wilshire Blvd,Amherst,Wellesley Ave,"7AM - 9AM, 4PM - 7PM","Mon, Tue, Wed, Thu, Fri",Curb,720,,"WB|Wilshire Blvd @ Amherst|0,24|ALL|BD",720 Final Bus Lane 4:53:11,
,WB Wilshire Blvd @ Wellesley Ave,WB,Wilshire Blvd,Wellesley Ave,McClellan Dr,"7AM - 9AM, 4PM - 7PM","Mon, Tue, Wed, Thu, Fri",Curb,720,,"WB|Wilshire Blvd @ Wellesley Ave|0,24|ALL|BD",720 Final Bus Lane 4:53:22,
,WB Wilshire Blvd @ McClellan Dr,WB,Wilshire Blvd,McClellan Dr,S Carmalina Ave,"7AM - 9AM, 4PM - 7PM","Mon, Tue, Wed, Thu, Fri",Curb,720,,"WB|Wilshire Blvd @ Mcclellan Dr|0,24|ALL|BD",720 Final Bus Lane 4:53:29,
,WB Wilshire Blvd @ S Carmalina Ave,WB,Wilshire Blvd,S Carmalina Ave,Centinela Ave,"7AM - 9AM, 4PM - 7PM","Mon, Tue, Wed, Thu, Fri",Curb,720,,"WB|Wilshire Blvd @ S Carmalina Ave|0,24|ALL|BD",720 Final Bus Lane 4:53:36,
,NB La Brea Ave @ Olympic Blvd,NB,La Brea Ave,Olympic Blvd,9th St,"7AM - 9AM, 4PM - 7PM","Mon, Tue, Wed, Thu, Fri",Curb,212,clear,,"NB|La Brea Ave @ Olympic Blvd|7,9,16,19|12345|RD",212 NB 6 9:51,x
,NB La Brea Ave @ 9th St,NB,La Brea Ave,9th St,8th St,"7AM - 9AM, 4PM - 7PM","Mon, Tue, Wed, Thu, Fri",Curb,212,clear,,"NB|La Brea Ave @ 9th St|7,9,16,19|12345|RD",212 NB 6 10:07,x
,NB La Brea Ave @ 6th St,NB,La Brea Ave,6th St,4th St,"7AM - 9AM, 4PM - 7PM","Mon, Tue, Wed, Thu, Fri",Curb,212,clear,,"NB|La Brea Ave @ 6th St|7,9,16,19|12345|RD",212 NB 7 00:42,x
,NB La Brea Ave @ 4th St,NB,La Brea Ave,4th St,3rd St,"7AM - 9AM, 4PM - 7PM","Mon, Tue, Wed, Thu, Fri",Curb,212,clear,,"NB|La Brea Ave @ 4th St|7,9,16,19|12345|RD",212 NB 7 01:04,x
,NB La Brea Ave @ 3rd St,NB,La Brea Ave,3rd St,2nd St,"7AM - 9AM, 4PM - 7PM","Mon, Tue, Wed, Thu, Fri",Curb,212,clear,,"NB|La Brea Ave @ 3rd St|7,9,16,19|12345|RD",212 NB 7 01:38,x
,NB La Brea Ave @ 2nd St,NB,La Brea Ave,2nd St,1st St,"7AM - 9AM, 4PM - 7PM","Mon, Tue, Wed, Thu, Fri",Curb,212,clear,,"NB|La Brea Ave @ 2nd St|7,9,16,19|12345|RD",212 NB 7 02:08,x
,NB La Brea Ave @ 1st St,NB,La Brea Ave,1st St,Beverly Blvd,"7AM - 9AM, 4PM - 7PM","Mon, Tue, Wed, Thu, Fri",Curb,212,clear,,"NB|La Brea Ave @ 1st St|7,9,16,19|12345|RD",212 NB 7 02:32,x
,NB La Brea Ave @ Beverly Blvd,NB,La Brea Ave,Beverly Blvd,Oakwood Ave,"7AM - 9AM, 4PM - 7PM","Mon, Tue, Wed, Thu, Fri",Curb,212,clear,,"NB|La Brea Ave @ Beverly Blvd|7,9,16,19|12345|RD",212 NB 7 03:00,x
,NB La Brea Ave @ Oakwood Ave,NB,La Brea Ave,Oakwood Ave,Rosewood Ave,"7AM - 9AM, 4PM - 7PM","Mon, Tue, Wed, Thu, Fri",Curb,212,clear,,"NB|La Brea Ave @ Oakwood Ave|7,9,16,19|12345|RD",212 NB 7 03:45,x
,NB La Brea Ave @ Rosewood Ave,NB,La Brea Ave,Rosewood Ave,Clinton St,"7AM - 9AM, 4PM - 7PM","Mon, Tue, Wed, Thu, Fri",Curb,212,clear,,"NB|La Brea Ave @ Rosewood Ave|7,9,16,19|12345|RD",212 NB 7 04:04,x
,NB La Brea Ave @ Clinton St,NB,La Brea Ave,Clinton St,Melrose Ave,"7AM - 9AM, 4PM - 7PM","Mon, Tue, Wed, Thu, Fri",Curb,212,clear,,"NB|La Brea Ave @ Clinton St|7,9,16,19|12345|RD",212 NB 7 04:17,x
,NB La Brea Ave @ Melrose Ave,NB,La Brea Ave,Melrose Ave,Waring Ave,"7AM - 9AM, 4PM - 7PM","Mon, Tue, Wed, Thu, Fri",Curb,212,clear,,"NB|La Brea Ave @ Melrose Ave|7,9,16,19|12345|RD",212 NB 7 05:10,x
,NB La Brea Ave @ Waring Ave,NB,La Brea Ave,Waring Ave,Willoughby Ave,"7AM - 9AM, 4PM - 7PM","Mon, Tue, Wed, Thu, Fri",Curb,212,clear,,"NB|La Brea Ave @ Waring Ave|7,9,16,19|12345|RD",212 NB 7 05:27,x
,NB La Brea Ave @ Willoughby Ave,NB,La Brea Ave,Willoughby Ave,Romaine St,"7AM - 9AM, 4PM - 7PM","Mon, Tue, Wed, Thu, Fri",Curb,212,clear,,"NB|La Brea Ave @ Willoughby Ave|7,9,16,19|12345|RD",212 NB 7 05:48,x
,NB La Brea Ave @ Fountain Ave,NB,La Brea Ave,Fountain Ave,De Longpre Ave,"7AM - 9AM, 4PM - 7PM","Mon, Tue, Wed, Thu, Fri",Curb,212,clear,,"NB|La Brea Ave @ Fountain Ave|7,9,16,19|12345|RD",212 NB 7 08:50,x
,NB La Brea Ave @ De Longpre Ave,NB,La Brea Ave,De Longpre Ave,Sunset Blvd,"7AM - 9AM, 4PM - 7PM","Mon, Tue, Wed, Thu, Fri",Curb,212,clear,,"NB|La Brea Ave @ De Longpre Ave|7,9,16,19|12345|RD",212 NB 7 09:08,x
,SB La Brea Ave @ Sunset Blvd,SB,La Brea Ave,Sunset Blvd,De Longpre Ave,"7AM - 9AM, 4PM - 7PM","Mon, Tue, Wed, Thu, Fri",Curb,212,clear,,"SB|La Brea Ave @ Sunset Blvd|7,9,16,19|12345|RD",212 SB 1 00:00,SB1 starts mid intersection in bus lane then goes to De Longpre Ave
,SB La Brea Ave @ De Longpre Ave,SB,La Brea Ave,De Longpre Ave,Fountain Ave,"7AM - 9AM, 4PM - 7PM","Mon, Tue, Wed, Thu, Fri",Curb,212,clear,,"SB|La Brea Ave @ De Longpre Ave|7,9,16,19|12345|RD",212 SB 1 00:25,x
,SB La Brea Ave @ Romaine St,SB,La Brea Ave,Romaine St,Willoughby Ave,"7AM - 9AM, 4PM - 7PM","Mon, Tue, Wed, Thu, Fri",Curb,212,clear,,"SB|La Brea Ave @ Romaine St|7,9,16,19|12345|RD",212 SB 1 04:58,x
,SB La Brea Ave @ Willoughby Ave,SB,La Brea Ave,Willoughby Ave,Waring Ave,"7AM - 9AM, 4PM - 7PM","Mon, Tue, Wed, Thu, Fri",Curb,212,clear,,"SB|La Brea Ave @ Willoughby Ave|7,9,16,19|12345|RD",212 SB 1 05:38,x
,SB La Brea Ave @ Waring Ave,SB,La Brea Ave,Waring Ave,Melrose Ave,"7AM - 9AM, 4PM - 7PM","Mon, Tue, Wed, Thu, Fri",Curb,212,clear,,"SB|La Brea Ave @ Waring Ave|7,9,16,19|12345|RD",212 SB 1 05:51,x
,SB La Brea Ave @ Melrose Ave,SB,La Brea Ave,Melrose Ave,Clinton St,"7AM - 9AM, 4PM - 7PM","Mon, Tue, Wed, Thu, Fri",Curb,212,clear,,"SB|La Brea Ave @ Melrose Ave|7,9,16,19|12345|RD",212 SB 1 06:15,x
,SB La Brea Ave @ Clinton St,SB,La Brea Ave,Clinton St,Rosewood Ave,"7AM - 9AM, 4PM - 7PM","Mon, Tue, Wed, Thu, Fri",Curb,212,clear,,"SB|La Brea Ave @ Clinton St|7,9,16,19|12345|RD",212 SB 1 07:12,x
,SB La Brea Ave @ Rosewood Ave,SB,La Brea Ave,Rosewood Ave,Oakwood Ave,"7AM - 9AM, 4PM - 7PM","Mon, Tue, Wed, Thu, Fri",Curb,212,clear,,"SB|La Brea Ave @ Rosewood Ave|7,9,16,19|12345|RD",212 SB 1 07:30,x
,SB La Brea Ave @ Oakwood Ave,SB,La Brea Ave,Oakwood Ave,Beverly Blvd,"7AM - 9AM, 4PM - 7PM","Mon, Tue, Wed, Thu, Fri",Curb,212,clear,,"SB|La Brea Ave @ Oakwood Ave|7,9,16,19|12345|RD",212 SB 1 07:52,x
,SB La Brea Ave @ Beverly Blvd,SB,La Brea Ave,Beverly Blvd,1st St,"7AM - 9AM, 4PM - 7PM","Mon, Tue, Wed, Thu, Fri",Curb,212,clear,,"SB|La Brea Ave @ Beverly Blvd|7,9,16,19|12345|RD",212 SB 1 09:01,x
,SB La Brea Ave @ 1st St,SB,La Brea Ave,1st St,2nd St,"7AM - 9AM, 4PM - 7PM","Mon, Tue, Wed, Thu, Fri",Curb,212,clear,,"SB|La Brea Ave @ 1st St|7,9,16,19|12345|RD",212 SB 1 09:27,x
,SB La Brea Ave @ 2nd St,SB,La Brea Ave,2nd St,3rd St,"7AM - 9AM, 4PM - 7PM","Mon, Tue, Wed, Thu, Fri",Curb,212,clear,,"SB|La Brea Ave @ 2nd St|7,9,16,19|12345|RD",212 SB 1 10:22,x
,SB La Brea Ave @ 3rd St,SB,La Brea Ave,3rd St,4th St,"7AM - 9AM, 4PM - 7PM","Mon, Tue, Wed, Thu, Fri",Curb,212,clear,,"SB|La Brea Ave @ 3rd St|7,9,16,19|12345|RD",212 SB 1 11:41,x
,SB La Brea Ave @ 4th St,SB,La Brea Ave,4th St,6th St,"7AM - 9AM, 4PM - 7PM","Mon, Tue, Wed, Thu, Fri",Curb,212,clear,,"SB|La Brea Ave @ 4th St|7,9,16,19|12345|RD",212 SB 2A 00:29,x
,SB La Brea Ave @ 8th St,SB,La Brea Ave,8th St,9th St,"7AM - 9AM, 4PM - 7PM","Mon, Tue, Wed, Thu, Fri",Curb,212,clear,,"SB|La Brea Ave @ 8th St|7,9,16,19|12345|RD",212 SB 2A 02:22,x
,SB La Brea Ave @ 9th St,SB,La Brea Ave,9th St,Olympic Blvd,"7AM - 9AM, 4PM - 7PM","Mon, Tue, Wed, Thu, Fri",Curb,212,clear,,"SB|La Brea Ave @ 9th St|7,9,16,19|12345|RD",212 SB 2A 03:32,x
,NB S Olive St @ W Pico Blvd,NB,S Olive St,W Pico Blvd,W 12th St,7AM - 7PM,"Mon, Tue, Wed, Thu, Fri",Offset,70,Clear ,x,"NB|S Olive St @ W Pico Blvd|7,19|12345|RD",,6 LINE 70 TOWARDS EL MONTE  02:06
,NB S Olive St @ W 12th St,NB,S Olive St,W 12th St,W 11th St,7AM - 7PM,"Mon, Tue, Wed, Thu, Fri",Offset,70,Clear ,x,"NB|S Olive St @ W 12th St|7,19|12345|RD","Wide lane, curb or offset? ",6 LINE 70 TOWARDS EL MONTE  02:19
,NB S Olive St @ W 11th St,NB,S Olive St,W 11th St,W Olympic Blvd,7AM - 7PM,"Mon, Tue, Wed, Thu, Fri",Offset,70,Clear ,x,"NB|S Olive St @ W 11th St|7,19|12345|RD","Wide lane on start, and end, curb or offset? ",6 LINE 70 TOWARDS EL MONTE  02:37
,NB S Olive St @ W Olympic Blvd,NB,S Olive St,W Olympic Blvd,W 9th St,7AM - 7PM,"Mon, Tue, Wed, Thu, Fri",Offset,70,Clear ,x,"NB|S Olive St @ W Olympic Blvd|7,19|12345|RD","Wide lane on start, and end, curb or offset? ",6 LINE 70 TOWARDS EL MONTE  03:48
,NB S Olive St @ W 9th St,NB,S Olive St,W 9th St,W 8th St,7AM - 7PM,"Mon, Tue, Wed, Thu, Fri",Offset,70,Clear ,x,"NB|S Olive St @ W 9th St|7,19|12345|RD","Wide lane on start, and end, curb or offset? ",6 LINE 70 TOWARDS EL MONTE  04:27
,NB S Olive St @ W 8th St,NB,S Olive St,W 8th St,W 7th St,7AM - 7PM,"Mon, Tue, Wed, Thu, Fri",Offset,70,Clear ,x,"NB|S Olive St @ W 8th St|7,19|12345|RD","Wide lane end, curb or offset?",6 LINE 70 TOWARDS EL MONTE  05:30
,NB S Olive St @ W 7th St,NB,S Olive St,W 7th St,W 6th St,7AM - 7PM,"Mon, Tue, Wed, Thu, Fri",Offset/Curb,70,Clear ,x,"NB|S Olive St @ W 7th St|7,19|12345|RD","Wide lane, curb or offset? ",6 LINE 70 TOWARDS EL MONTE  06:09
,NB S Olive St @ W 6th St,NB,S Olive St,W 6th St,W 5th St,7AM - 7PM,"Mon, Tue, Wed, Thu, Fri",Curb,70,Clear ,x,"NB|S Olive St @ W 6th St|7,19|12345|BD",anotated on 910/950,6 LINE 70 TOWARDS EL MONTE  06:41
,NB S Olive St @ W 5th St,NB,S Olive St,W 5th St,W 4th St,7AM - 7PM,"Mon, Tue, Wed, Thu, Fri",Curb/Offset/Curb,70,Clear ,x,"NB|S Olive St @ W 5th St|7,19|12345|BD",anotated on 910/950,6 LINE 70 TOWARDS EL MONTE  07:40
,NB S Olive St @ W 4th St,NB,S Olive St,W 4th St,W 2nd St,7AM - 7PM,"Mon, Tue, Wed, Thu, Fri",Offset/Curb,70,Clear ,x,"NB|S Olive St @ W 4th St|7,19|12345|BD",anotated on 910/950 BL end (i think it should not divide by General Thaddeus Kosciuszko Way,6 LINE 70 TOWARDS EL MONTE  08:10
,NB N Spring St @ 1st St,NB,N Spring St,1st St,W Temple St,24 Hours,All Days,Double,70,Clear ,x,"NB|N Spring St @ 1st St|0,24|ALL|RD,RD2",anotated on 910/950,7 LINE 70 TOWARD EL MONTE 00:06
,NB N Spring St @ W Temple St,NB,N Spring St,W Temple St,Aliso St,24 Hours,All Days,Double,70,Clear ,x,"NB|N Spring St @ W Temple St|0,24|ALL|RD,RD2",anotated on 910/950,7 LINE 70 TOWARD EL MONTE 00:41
,NB N Spring St @ Aliso St,NB,N Spring St,Aliso St,Arcadia St,24 Hours,All Days,Double,70,Clear ,x,"NB|N Spring St @ Aliso St|0,24|ALL|RD,RD2",,7 LINE 70 TOWARD EL MONTE 00:54
,SB S Grand Ave @ Hope Pl,SB,S Grand Ave,Hope Pl,5th St,7AM - 7PM,"Mon, Tue, Wed, Thu, Fri",Offset,70,Clear ,x,"SB|S Grand Ave @ Hope Pl|7,19|12345|BD",annotated on 910/950 Wide lane or two lanes?,5 LINE 70 TOWARD EL MONTE 00:27
,SB S Grand Ave @ 5th St,SB,S Grand Ave,5th St,6th St,7AM - 7PM,"Mon, Tue, Wed, Thu, Fri",Offset,70,Clear ,x,"SB|S Grand Ave @ 5th St|7,19|12345|RD",annotated on 910/950 Wide lane or two lanes?,5 LINE 70 TOWARD EL MONTE 00:35
,SB S Grand Ave @ 6th St,SB,S Grand Ave,6th St,Wilshire Blvd,7AM - 7PM,"Mon, Tue, Wed, Thu, Fri",Offset,70,Clear ,x,"SB|S Grand Ave @ 6th St|7,19|12345|RD",annotated on 910/950 Wide lane or two lanes?,5 LINE 70 TOWARD EL MONTE 01:18
,SB Grand Ave @ Hope Pl,SB,Grand Ave,Hope Pl,5th St,7AM - 7PM,"Mon, Tue, Wed, Thu, Fri",Curb/Offset,910/950,,,"SB|Grand Ave @ Hope Pl|7,19|12345|RD",SB J Line_1 2:24:45,x,,"SB|Grand Ave @ Hope Pl|7,19|12345|BD"
,SB Grand Ave @ 5th St,SB,Grand Ave,5th St,6th St,7AM - 7PM,"Mon, Tue, Wed, Thu, Fri",Offset,910/950,,,"SB|Grand Ave @ 5th St|7,19|12345|RD",SB J Line_1 2:25:00,x,Large lane,"SB|Grand Ave @ 5th St|7,19|12345|BD"
,SB Grand Ave @ 6th St,SB,Grand Ave,6th St,Wilshire Blvd,7AM - 7PM,"Mon, Tue, Wed, Thu, Fri",Offset,910/950,,,"SB|Grand Ave @ 6th St|7,19|12345|RD",SB J Line_1 2:26:03,x,Large lane/Temp parking,"SB|Grand Ave @ 6th St|7,19|12345|BD"
,SB Flower St @ 8th St,SB,Flower St,8th St,9th St,3PM - 7PM,"Mon, Tue, Wed, Thu, Fri",Offset,910/950,,,"SB|Flower St @ 8th St|15,19|12345|RD",SB J Line_2 2:42:06,x,Large lane/Temp parking,"SB|Flower St @ 8th St|15,19|12345|BD"
,SB Flower St @ 9th St,SB,Flower St,9th St,Olympic Blvd,3PM - 7PM,"Mon, Tue, Wed, Thu, Fri",Offset,910/950,,,"SB|Flower St @ 9th St|15,19|12345|RD",SB J Line_2 2:42:26,x,Large lane/Temp parking/RTL,"SB|Flower St @ 9th St|15,19|12345|BD"
,SB Flower St @ Olympic Blvd,SB,Flower St,Olympic Blvd,11th St,3PM - 7PM,"Mon, Tue, Wed, Thu, Fri",Curb ,910/950,Bus Lane ends before next block,,"SB|Flower St @ Olympic Blvd|15,19|12345|RD",SB J Line_2 2:42:46,x,Construction at next block,"SB|Flower St @ Olympic Blvd|15,19|12345|BD"
,SB Flower St @ 12th St,SB,Flower St,12th St,Pico Blvd,3PM - 7PM,"Mon, Tue, Wed, Thu, Fri",Curb ,910/950,,,"SB|Flower St @ 12th St|15,19|12345|RD",SB J Line_2 2:44:15,x,,"SB|Flower St @ 12th St|15,19|12345|BD"
,SB Flower St @ Pico Blvd,SB,Flower St,Pico Blvd,Cameron Ln,3PM - 7PM,"Mon, Tue, Wed, Thu, Fri",Curb ,910/950,,,"SB|Flower St @ Cameron Ln|15,19|12345|RD",SB J Line_2 2:44:37,x,,"SB|Flower St @ Pico Blvd|15,19|12345|BD"
,SB Flower St @ Cameron Ln,SB,Flower St,Cameron Ln,Venice Blvd,3PM - 7PM,"Mon, Tue, Wed, Thu, Fri",Curb ,910/950,,,,SB J Line_2 2:44:41,x,,"SB|Flower St @ Cameron Ln|15,19|12345|BD"
,SB Flower St @ Venice Blvd,SB,Flower St,Venice Blvd,18th St,3PM - 7PM,"Mon, Tue, Wed, Thu, Fri",Curb ,910/950,,,"SB|Flower St @ Venice Blvd|15,19|12345|RD",SB J Line_2 2:44:47,x,,"SB|Flower St @ Venice Blvd|15,19|12345|BD"
,SB Flower St @ 18th St,SB,Flower St,18th St,Washington Blvd,3PM - 7PM,"Mon, Tue, Wed, Thu, Fri",Curb ,910/950,,,"SB|Flower St @ 18th St|15,19|12345|RD",SB J Line_2 2:46:10,x,,"SB|Flower St @ 18th St|15,19|12345|BD"
,SB Flower St @ Washington Blvd,SB,Flower St,Washington Blvd,20th St,3PM - 7PM,"Mon, Tue, Wed, Thu, Fri",Curb ,910/950,,,"SB|Flower St @ Washington Blvd|15,19|12345|RD",SB J Line_2 2:46:46,x,,"SB|Flower St @ Washington Blvd|15,19|12345|BD"
,SB Flower St @ 20th St,SB,Flower St,20th St,21st St,3PM - 7PM,"Mon, Tue, Wed, Thu, Fri",Curb ,910/950,,,"SB|Flower St @ 20th St|15,19|12345|RD",SB J Line_2 2:46:59,x,,"SB|Flower St @ 20th St|15,19|12345|BD"
,SB Flower St @ 21st St,SB,Flower St,21st St,22nd St,3PM - 7PM,"Mon, Tue, Wed, Thu, Fri",Curb ,910/950,,,"SB|Flower St @ 21st St|15,19|12345|RD",SB J Line_2 2:47:05,x,,"SB|Flower St @ 21st St|15,19|12345|BD"
,SB Flower St @ 22nd St,SB,Flower St,22nd St,23rd St,3PM - 7PM,"Mon, Tue, Wed, Thu, Fri",Curb ,910/950,,,"SB|Flower St @ 22nd St|15,19|12345|RD",SB J Line_2 2:47:11,x,,"SB|Flower St @ 22nd St|15,19|12345|BD"
,SB Flower St @ 23rd St,SB,Flower St,23rd St,Adams Blvd,3PM - 7PM,"Mon, Tue, Wed, Thu, Fri",Curb ,910/950,,,"SB|Flower St @ 23rd St|15,19|12345|RD",SB J Line_2 2:47:18,x,,"SB|Flower St @ 23rd St|15,19|12345|BD"
,SB Flower St @ W Adams Blvd,SB,Flower St,W Adams Blvd,27th St,3PM - 7PM,"Mon, Tue, Wed, Thu, Fri",Curb ,910/950,Bus Lane ends before next block.,,"SB|Flower St @ W Adams Blvd|15,19|12345|RD",SB J Line_2 2:48:32,x,,"SB|Flower St @ Adams Blvd|15,19|12345|BD"
,NB Figueroa Way @ Adams Blvd,NB,Figueroa Way,Adams Blvd,Figueroa St,24 Hours,All Days,Curb,910/950,Small Section Marked Bus Only but no sign with enforcement,,"NB|Figueroa Way @ Adams Blvd|0,24|ALL|RD",NB J Line_4 7:47:26,x,Bus lane ahead sign,"NB|Figueroa Way @ Adams Blvd|0,24|ALL|BD"
,NB Figueroa St @ 23rd St,NB,Figueroa St,23rd St,22nd St,24 Hours,All Days,Curb/Offset,910/950,No Sign with Enforcement Days/Times.,,"NB|Figueroa St @ 23rd St|0,24|ALL|RD",NB J Line_4 7:48:35,x,,"NB|Figueroa St @ 23rd St|0,24|ALL|BD"
,NB Figueroa St @ 22nd St,NB,Figueroa St,22nd St,21st St,24 Hours,All Days,Offset,910/950,Sign does not have Enforcement Days/Times. ,,"NB|Figueroa St @ 22nd St|0,24|ALL|RD",NB J Line_4 7:48:44,x,,"NB|Figueroa St @ 22nd St|0,24|ALL|BD"
,NB Figueroa St @ 21st St,NB,Figueroa St,21st St,20th St,24 Hours,All Days,Curb,910/950,Sign does not have Enforcement Days/Times. Seperated bike lane at curb.,,"NB|Figueroa St @ 21st St|0,24|ALL|RD",NB J Line_4 7:49:26,x,,"NB|Figueroa St @ 21st St|0,24|ALL|BD"
,NB Figueroa St @ 20th St,NB,Figueroa St,20th St,Washington Blvd,24 Hours,All Days,Curb,910/950,Sign does not have Enforcement Days/Times. Seperated bike lane at curb.,,"NB|Figueroa St @ 20th St|0,24|ALL|RD",NB J Line_4 7:49:46,x,,"NB|Figueroa St @ 20th St|0,24|ALL|BD"
,NB Figueroa St @ Washington Blvd,NB,Figueroa St,Washington Blvd,18th St,24 Hours,All Days,Curb,910/950,No Sign with Enforcement Days/Times. Seperated bike lane at curb.,,"NB|Figueroa St @ Washington Blvd|0,24|ALL|RD",NB J Line_4 7:51:16,x,,"NB|Figueroa St @ Washington Blvd|0,24|ALL|BD"
,NB Figueroa St @ 18th St,NB,Figueroa St,18th St,Venice Blvd,24 Hours,All Days,Curb,910/950,Sign does not have Enforcement Days/Times. Seperated bike lane at curb.,,"NB|Figueroa St @ 18th St|0,24|ALL|RD",NB J Line_4 7:51:32,x,,"NB|Figueroa St @ 18th St|0,24|ALL|BD"
,NB Figueroa St @ Venice Blvd,NB,Figueroa St,Venice Blvd,Pico Blvd,24 Hours,All Days,Curb/Offset/Curb,910/950,Sign does not have Enforcement Days/Times. Seperated bike lane at curb.,,"NB|Figueroa St @ Venice Blvd|0,24|ALL|RD",NB J Line_4 7:51:54,x,,"NB|Figueroa St @ Venice Blvd|0,24|ALL|BD"
,NB Figueroa St @ Pico Blvd,NB,Figueroa St,Pico Blvd,12th St,24 Hours,All Days,Curb/Offset,910/950,Sign does not have Enforcement Days/Times - Lane ends before 12th St. Seperated bike lane at curb.,,"NB|Figueroa St @ Pico Blvd|0,24|ALL|RD",NB J Line_4 7:52:28,x,,"NB|Figueroa St @ Pico Blvd|0,24|ALL|BD"
,NB Figueroa St @ 11th St,NB,Figueroa St,11th St,Olympic Blvd,24 Hours,All Days,Curb/Offset,910/950,No Sign with Enforcement Days/Times ,,"NB|Figueroa St @ 11th St|0,24|ALL|RD",NB J Line_4 7:53:06,x,,"NB|Figueroa St @ 11th St|0,24|ALL|BD"
,NB Figueroa St @ Olympic Blvd,NB,Figueroa St,Olympic Blvd,9th St,24 Hours,All Days,Curb/Offset,910/950,No Sign with Enforcement Days/Times ,,"NB|Figueroa St @ Olympic Blvd|0,24|ALL|RD",NB J Line_5 00:49,x,,"NB|Figueroa St @ Olympic Blvd|0,24|ALL|BD"
,NB Figueroa St @ 9th St,NB,Figueroa St,9th St,8th St,24 Hours,All Days,Offset/Curb/Offset/Curb,910/950,No Sign with Enforcement Days/Times ,,"NB|Figueroa St @ 9th St|0,24|ALL|RD",NB J Line_5 1:09,x,,"NB|Figueroa St @ 9th St|0,24|ALL|BD"
,NB Figueroa St @ 8th St,NB,Figueroa St,8th St,7th St,24 Hours,All Days,Curb/Offset/Curb,910/950,Sign does not have Enforcement Days/Times. Seperated bike lane at curb.,,"NB|Figueroa St @ 8th St|0,24|ALL|RD",NB J Line_5 2:30,x,,"NB|Figueroa St @ 8th St|0,24|ALL|BD"
,NB Figueroa St @ 7th St,NB,Figueroa St,7th St,Wilshire Blvd,24 Hours,All Days,Curb/Offset,910/950,Sign does not have Enforcement Days/Times,,"NB|Figueroa St @ 7th St|0,24|ALL|RD",NB J Line_5 4:31,x,,"NB|Figueroa St @ 7th St|0,24|ALL|BD"
,NB 6th St @ Hope Pl,NB,6th St,Hope Pl,Grand Ave,7AM - 7PM,"Mon, Tue, Wed, Thu, Fri",Curb,910/950,,,"NB|6th St @ Hope Pl|7,19|12345|RD",NB J Line_5 5:41,x,,"NB|6th St @ Hope Pl|7,19|12345|BD"
,NB 6th St @ Grand Ave,NB,6th St,Grand Ave,Olive St,7AM - 7PM,"Mon, Tue, Wed, Thu, Fri",Curb,910/950,,,"NB|6th St @ Grand Ave|7,19|12345|RD",NB J Line_5 6:00,x,,"NB|6th St @ Grand Ave|7,19|12345|BD"
,NB Olive St @ 6th St,NB,Olive St,6th St,5th St,24 Hours,All Days,Curb,910/950,Sign does not have Enforcement Days/Times,,"NB|Olive St @ 6th St|0,24|ALL|RD",NB J Line_5 6:00,x,,"NB|Olive St @ 6th St|0,24|ALL|BD"
,NB Olive St @ 5th St,NB,Olive St,5th St,4th St,7AM - 7PM,"Mon, Tue, Wed, Thu, Fri",Curb/Offset/Curb,910/950,,,"NB|Olive St @ 5th St|7,19|12345|RD",NB J Line_5 7:08,x,,"NB|Olive St @ 5th St|7,19|12345|BD"
,NB Olive St @ 4th St,NB,Olive St,4th St,Kosciuszko Way,7AM - 7PM,"Mon, Tue, Wed, Thu, Fri",Offset/Curb ,910/950,,,"NB|Olive St @ 4th St|7,19|12345|RD",NB J Line_5 7:34,x,,"NB|Olive St @ 4th St|7,19|12345|BD"
,NB Olive St @ Kosciuszko Way,NB,Olive St,Kosciuszko Way,2nd St,7AM - 7PM,"Mon, Tue, Wed, Thu, Fri",Curb,910/950,,,"NB|Olive St @ Kosciuszko Way|7,19|12345|RD",NB J Line_5 8:06,x,,"NB|Olive St @ Kosciuszko Way|7,19|12345|BD"
,SB 1st St @ Broadway,SB,1st St,Broadway,Spring St,24 Hours,All Days,Left Turning Lane,910/950,"Painted Left turning Lane, no sign with enforcement ",,"SB|1st St @ Broadway|0,24|ALL|RD",NB J Line_5 9:46,x,,"NB|1st St @ Broadway|0,24|ALL|BD"
,NB Spring St @ 1st St,NB,Spring St,1st St,Temple St,24 Hours,All Days,Curb/Double,910/950,This section of Spring St is bus only in this direction ,,"NB|Spring St @ 1st St|0,24|ALL|RD,RD2",Not on video ,x,,"NB|Spring St @ 1st St|0,24|ALL|BD"
,NB Spring St @ Temple St,NB,Spring St,Temple St,Aliso St,24 Hours,All Days,Curb,910/950,This section of Spring St is bus only in this direction ,,"NB|Spring St @ Temple St|0,24|ALL|RD,RD2",Not on video ,x,,"NB|Spring St @ Temple St|0,24|ALL|BD"
,SB Aliso St @ Main St,SB,Aliso St,Main St,Los Angeles St,24 Hours,All Days,Curb,910/950,No sign with enforcement days/times Bus lane ends,,"SB|Aliso St @ Main St|0,24|ALL|RD",NB J Line_6 8:29:16,x,,"NB|Aliso St @ Main St|0,24|ALL|BD"
,SB Aliso St @ Los Angeles St,SB,Aliso St,Los Angeles St,Alameda St,24 Hours,All Days,Offset,910/950,No Sign with Enforcement Days/Times ,,"SB|Aliso St @ Los Angeles St|0,24|ALL|RD",NB J Line_6 8:29:55,x,,"NB|Aliso St @ Los Angeles St|0,24|ALL|BD"
,NB Alameda St @ Aliso St,NB,Alameda St,Aliso St,Arcadia St,24 Hours,All Days,Curb,910/950,No Sign with Enforcement Days/Times ,,"NB|Alameda St @ Aliso St|0,24|ALL|RD",NB J Line_6 8:29:55,x,,"NB|Alameda St @ Aliso St|0,24|ALL|BD"